name,email_address,address,details_about_guest,dob,gender,country_id,state_id,city_id,hobby_id
Sanjay Mahurle,sanjaymahurle@gmail.com,Shankar Nagar,<p>Dentist</p>,1987-01-04,Male,India,Maharashtra,Amravati, Dancing |  Boxing |  Gardening
Jayram Kavi,jaykavijayram@gmail.com,Hardas Nagar,<p>Sceintist</p>,1990-07-04,Male,India,Rajasthan,Jaipur, Dancing |  Boxing |  Learning |  Painting
Anamika Das,anamikadas1@gmail.com,Dastur Nagar,<p>Novelist| Reporter</p>,1990-07-03,Female,India,Madhyapradesh,Bilaspur, Dancing |  Boxing |  Gardening
Disha Kale,dishakale@gmail.com,Gayatri Nagar,<p>Dentist</p>,1990-07-03,Female,India,Uttarpradesh,Prayagraj, Dancing |  Boxing |  Learning |  Painting
Shreerang Pande,Shreerangpande@gmail.com,Suresh Nagar,<p>Novelist| Reporter</p>,1990-07-02,Male,India,Maharashtra,Nagpur, Dancing |  Boxing |  Sewing
Shreerang Pande,shree@gmail.com,Jayprakash nagar,<p>Novelist| Reporter</p>,1990-05-01,Male,India,Dastur Nagar,Pune, Dancing 
Shreerang Pande,shree@gmail.com,Jayprakash nagar,<p>Novelist| Reporter</p>,1990-05-02,Male,India,Dastur Nagar,Pune, Dancing 
Shreerang Pande,shree@gmail.com,Jayprakash nagar,<p>Novelist| Reporter</p>,1990-05-03,Male,India,Dastur Nagar,Pune, Dancing 
Shreerang Pande,shree@gmail.com,Jayprakash nagar,<p>Novelist| Reporter</p>,1990-05-04,Male,India,Dastur Nagar,Pune, Dancing 
Shreerang Pande,shree@gmail.com,Jayprakash nagar,<p>Novelist| Reporter</p>,1990-05-05,Male,India,Dastur Nagar,Pune, Dancing 
Shreerang Pande,shree@gmail.com,Jayprakash nagar,<p>Novelist| Reporter</p>,1990-05-06,Male,India,Dastur Nagar,Pune, Dancing 
Shreerang Pande,shree@gmail.com,Jayprakash nagar,<p>Novelist| Reporter</p>,1990-05-07,Male,India,Dastur Nagar,Pune, Dancing 
Shreerang Pande,shree@gmail.com,Jayprakash nagar,<p>Novelist| Reporter</p>,1990-05-08,Male,India,Dastur Nagar,Pune, Dancing 
Shreerang Pande,shree@gmail.com,Jayprakash nagar,<p>Novelist| Reporter</p>,1990-05-09,Male,India,Dastur Nagar,Pune, Dancing 
Shreerang Pande,shree@gmail.com,Jayprakash nagar,<p>Novelist| Reporter</p>,1990-05-10,Male,India,Dastur Nagar,Pune, Dancing 
Shreerang Pande,shree@gmail.com,Jayprakash nagar,<p>Novelist| Reporter</p>,1990-05-11,Male,India,Dastur Nagar,Pune, Dancing 
Shreerang Pande,shree@gmail.com,Jayprakash nagar,<p>Novelist| Reporter</p>,1990-05-12,Male,India,Dastur Nagar,Pune, Dancing 
Shreerang Pande,shree@gmail.com,Jayprakash nagar,<p>Novelist| Reporter</p>,1990-05-13,Male,India,Dastur Nagar,Pune, Dancing 
Shreerang Pande,shree@gmail.com,Jayprakash nagar,<p>Novelist| Reporter</p>,1990-05-14,Male,India,Dastur Nagar,Pune, Dancing 
Shreerang Pande,shree@gmail.com,Jayprakash nagar,<p>Novelist| Reporter</p>,1990-05-15,Male,India,Dastur Nagar,Pune, Dancing 
Shreerang Pande,shree@gmail.com,Jayprakash nagar,<p>Novelist| Reporter</p>,1990-05-16,Male,India,Dastur Nagar,Pune, Dancing 
Shreerang Pande,shree@gmail.com,Jayprakash nagar,<p>Novelist| Reporter</p>,1990-05-17,Male,India,Dastur Nagar,Pune, Dancing 
Shreerang Pande,shree@gmail.com,Jayprakash nagar,<p>Novelist| Reporter</p>,1990-05-18,Male,India,Dastur Nagar,Pune, Dancing 
Shreerang Pande,shree@gmail.com,Jayprakash nagar,<p>Novelist| Reporter</p>,1990-05-19,Male,India,Dastur Nagar,Pune, Dancing 
Shreerang Pande,shree@gmail.com,Jayprakash nagar,<p>Novelist| Reporter</p>,1990-05-20,Male,India,Dastur Nagar,Pune, Dancing 
